Date	Title	URL
4-Nov-2014	What are some tips for submitting Grace Hopper talk/panel proposals?	http://www.quora.com/What-are-some-tips-for-submitting-Grace-Hopper-talk-panel-proposals/answer/Tracy-Chou
4-Nov-2014	How to write a good bio	http://scottberkun.com/2013/how-to-write-a-good-bio/
4-Nov-2014	"Why ""but all my slides are pictures"" isn't a smart public speaking strategy"	http://eloquentwoman.blogspot.co.uk/2014/10/why-but-all-my-slides-are-pictures-isnt.html
4-Nov-2014	LIVE TWEETING MY OWN TALK	http://www.catehuston.com/blog/2014/10/28/live-tweeting-my-own-talk/
4-Nov-2014	Famous Speech Friday: 1994 lecture by Miep Gies, Anne Frank's protector	http://eloquentwoman.blogspot.co.uk/2014/10/famous-speech-friday-1994-lecture-by.html
18-Nov-2014	How to Give a Great Presentation: Timeless Advice from a Legendary Adman, 1981	http://www.brainpickings.org/index.php/2012/12/20/writing-that-works-roman/
18-Nov-2014	DEBUGGING: THE SCIENCE OF DEDUCTION	https://vimeo.com/111108891
18-Nov-2014	Amy Cuddy: Your body language shapes who you are	http://www.ted.com/talks/amy_cuddy_your_body_language_shapes_who_you_are?language=en
18-Nov-2014	Sharing On The Go: How To Tweet Automatically From Keynote	http://dyn.com/blog/how-to-tweet-automatically-from-keynote-ux/
18-Nov-2014	Barcamp Philly 2014	http://coreylatislaw.com/barcamp-philly-2014/
18-Nov-2014	Why You Should Speak at Technical Conferences	https://www.youtube.com/playlist?list=PLNZFyTfZybcwvdlx7AaVhys55jmw58ZN4
18-Nov-2014	Raquel Vélez: Evolution of a Developer	http://2014.jsconf.eu/speakers/raquel-velez-evolution-of-a-developer.html
25-Nov-2014	How To Moderate a Panel Like a Pro	https://hbr.org/2013/05/how-to-moderate-a-panel-like-a/
25-Nov-2014	Copy Jimmy Fallon's Interview Technique To Be The Most Likable Person In The Room	http://www.forbes.com/sites/carminegallo/2014/08/22/copy-jimmy-fallons-interview-technique-to-be-the-most-likable-person-in-the-room/
25-Nov-2014	What Your Conference Proposal Is Missing	http://www.sarahmei.com/blog/2014/04/07/what-your-conference-proposal-is-missing/
25-Nov-2014	Getting Funding to Attend and Speak at IT Conferences	https://modelviewculture.com/pieces/getting-funding-to-attend-and-speak-at-it-conferences
25-Nov-2014	Amy Cuddy Takes a Stand	http://www.nytimes.com/2014/09/21/fashion/amy-cuddy-takes-a-stand-TED-talk.html?_r=0
25-Nov-2014	"OSCON 2013: Paul Fenwick, ""Fear, Uncertainty, and Dopamine"""	https://www.youtube.com/watch?v=e0H0BKrF4HY
2-Dec-2014	Dramatic reenactment of trying to get a coworker to propose a conference talk	http://allowedtoapply.tumblr.com/post/73615959656/dramatic-reenactment-of-trying-to-get-a-coworker
2-Dec-2014	Ladies in Tech, Let’s Step It Up	http://myasmine.com/philly-ladies-tech-step-up/
2-Dec-2014	Advice for my younger self: success is about both style and substance	http://www.theguardian.com/women-in-leadership/2014/oct/28/advice-business-success-style-substance-janneke-niessen
2-Dec-2014	10 Phrases Great Speakers Never Say	http://www.inc.com/jeff-haden/10-things-speakers-should-never-say-th.html?cid=sf01001
2-Dec-2014	Tailor Your Presentation to Fit the Culture	https://hbr.org/2014/10/tailor-your-presentation-to-fit-different-cultures/
2-Dec-2014	Adapting a previously-given talk	http://kwugirl.blogspot.co.uk/2014/11/adapting-previously-given-talk.html
9-Dec-2014	.@andreaskluth on the best thing an introvert can do 15 minutes before a talk	http://eloquentwoman.blogspot.ro/2014/12/andreaskluth-on-best-thing-introvert.html
9-Dec-2014	The Introvert on the Podium	http://www.nytimes.com/2014/11/23/business/the-introvert-on-the-podium.html?_r=0
9-Dec-2014	Guest post: Presenting gives me nightmares, but I still do it. Here's how.	http://eloquentwoman.blogspot.ro/2014/02/guest-post-presenting-gives-me.html
9-Dec-2014	How to Give a Stellar Presentation	https://hbr.org/2014/11/how-to-give-a-stellar-presentation
9-Dec-2014	4 Ideas to Nurture More Female Speakers	http://www.thoughtworks.com/insights/blog/4-ways-develop-more-female-speakers
9-Dec-2014	Conference Recaps, Speaker Notes, and Why I'm Opting Out in 2015	http://lizmrush.com/conference-recap-2014-speaker-notes/
9-Dec-2014	An Axiomatic Basis for Computer Programming by C.A.R. Hoare	https://www.hakkalabs.co/articles/axiomatic-basis-computer-programming-c-r-hoare
16-Dec-2014	How to Deliver a TED Talk: Secrets of the World's Most Inspiring Presentations, revised and expanded new edition, with a foreword by Richard St. John and an afterword by Simon Sinek	http://www.amazon.com/gp/product/0071831592/ref=as_li_qf_sp_asin_il_tl?ie=UTF8&camp=1789&creative=9325&creativeASIN=0071831592&linkCode=as2&tag=kittsthou-20&linkId=YF6QTL62CRQDAEWV
16-Dec-2014	Talk About the Talk: Caroline Goyder on confident speaking at @TEDxBrixton	http://eloquentwoman.blogspot.ae/2014/12/talk-about-talk-caroline-goyder-on.html
16-Dec-2014	7 Racially Coded Phrases That Everyone Needs to Stop Saying About Black People	http://everydayfeminism.com/2014/11/racially-coded-phrases-black-people/
16-Dec-2014	A male TV anchor wore the same suit for 365 days. Nobody noticed.	http://www.vox.com/2014/11/17/7233597/workplace-appearance-sexism
16-Dec-2014	List of cocoa conferences for iOS & OSX developers.	https://github.com/Lascorbe/CocoaConferences
16-Dec-2014	Kathy Sierra: Building the minimum Badass User, Business of Software. A masterclass in thinking about software product development.	http://businessofsoftware.org/2013/02/kathy-sierra-building-the-minimum-badass-user-business-of-software-a-masterclass-in-thinking-about-software-product-development/
23-Dec-2014	People, Please Stop Using Pie Charts	http://www.entrepreneur.com/article/239932
23-Dec-2014	MY QUESTIONS FOR EVENT ORGANIZERS	http://unstoppablerobotninja.com/entry/my-questions-for-event-organizers/
23-Dec-2014	Why you should be speaking on panels (And how to be an awesome panelist!)	http://www.beleaderly.com/speaking-panels-awesome-panelist/
23-Dec-2014	The 6 people who shouldn't be coaching you for your next speech	http://www.dontgetcaught.biz/2014/11/the-6-people-who-shouldnt-be-coaching.html
23-Dec-2014	A reader shares: Returning to the Stage...After Harrassment	http://eloquentwoman.blogspot.co.uk/2014/05/a-reader-shares-returning-to-stageafter.html
23-Dec-2014	Returning to the stage, part 2: Speaking to dudes about love	http://eloquentwoman.blogspot.co.uk/2014/06/returning-to-stage-part-2-speaking-to.html
23-Dec-2014	William Van Hecke - Your App Is Good and You Should Feel Good	https://vimeo.com/114385112
23-Dec-2014	Your App Is Good And You Should Feel Good	http://metalbat.com/feel-good/
6-Jan-2015	10 tips for conquering public speaking nerves	http://www.managementtoday.co.uk/news/1325232/10-tips-conquering-public-speaking-nerves/
6-Jan-2015	Workshop: What goes into a TED-quality talk, 15 April in Cambridge, UK	http://eloquentwoman.blogspot.co.uk/2014/12/workshop-what-goes-into-ted-quality.html
6-Jan-2015	The Eloquent Woman's top 10 public speaking posts for 2014	http://eloquentwoman.blogspot.co.uk/2014/12/the-eloquent-womans-top-10-public.html
6-Jan-2015	2014's top 10 Famous Speech Friday posts on The Eloquent Woman	http://eloquentwoman.blogspot.co.uk/2014/12/2014s-top-10-famous-speech-friday-posts.html
6-Jan-2015	How to ask to get paid to speak	http://seb.ly/2014/05/how-to-ask-to-get-paid-to-speak/
6-Jan-2015	A Formula for Speaking Fees	http://www.thenerdary.net/post/84544230452/a-formula-for-speaking-fees
6-Jan-2015	New Year Resolution: Be a public speaker	http://blog.sqisland.com/2012/01/new-year-resolution-be-public-speaker.html
6-Jan-2015	Inspiring the next generation of female engineers: Debbie Sterling at TEDxPSU	https://www.youtube.com/watch?v=FEeTLopLkEo
13-Jan-2015	PUBLIC SPEAKING AS PERFORMANCE	http://www.catehuston.com/blog/2014/10/20/public-speaking-as-performance/
13-Jan-2015	You should give talks. They will be awesome. Here's why!	http://jvns.ca/blog/2014/01/12/public-speaking/
13-Jan-2015	Hassle free slidedeck hosting	http://slidr.io/
13-Jan-2015	Art + Data Day: Interrogating the SFMOMA API through Participatory Design	http://www.sfmoma.org/about/research_projects/lab/art_data_day_summary
13-Jan-2015	Designing an OpenStack Summit Session Submission for Success	http://openstack.enterthemeeting.com/m/KCWPKB2X
13-Jan-2015	WIN ONE OF FOUR TRAVEL GRANTS TO COUCHDB DAY HAMBURG	http://hood.ie/blog/travel-grants-for-couchdb-day.html
13-Jan-2015	"Trish Zornio ""Don’t let fear keep you from the help you need"" At Ignite Boulder 24"	https://www.youtube.com/watch?v=P8G0d02Le84
20-Jan-2015	The Weird Science of Naming New Products	http://www.nytimes.com/2015/01/18/magazine/the-weird-science-of-naming-new-products.html
20-Jan-2015	A Speech Is Not an Essay	https://hbr.org/2014/09/a-speech-is-not-an-essay/
20-Jan-2015	Speechwriters, don't write differently for women. Write differently for men.	http://eloquentwoman.blogspot.de/2015/01/speechwriters-dont-write-differently.html
20-Jan-2015	“A word after a word after a word is power.”	http://tinyletter.com/jenmyers/letters/a-word-after-a-word-after-a-word-is-power
20-Jan-2015	Do Better at Conference Diversity	http://conference.hopper.org.nz/
20-Jan-2015	168. ELEANOR ROOSEVELT: Courage is exhilarating	http://zenpencils.com/comic/roosevelt/
27-Jan-2015	Conference Proposals that Don’t Suck	http://alistapart.com/article/conference-proposals-that-dont-suck
27-Jan-2015	RailsConf 2014 Accepted Talk #1: All the Little Things	http://railsconf.com/railsconf-sample-proposal-1-metz.pdf
27-Jan-2015	RailsConf 2014 - All the Little Things by Sandi Metz	https://www.youtube.com/watch?v=8bZh5LMaSmE
27-Jan-2015	RailsConf 2014 Accepted Talk #2: Software Development Lessons from the Apollo Program	http://railsconf.com/railsconf-sample-proposal-2-simioni.pdf
27-Jan-2015	RailsConf 2014 - Software Development Lessons from the Apollo Program by Julian Simioni	https://www.youtube.com/watch?v=hrsT9wmPVoo
27-Jan-2015	RailsConf 2014 Accepted Talk #3: Middleman: The missing front end of the Rails API stack	http://railsconf.com/railsconf-sample-proposal-3-gessler.pdf
27-Jan-2015	RailsConf 2014 - Middleman: the Missing View in the Rails API Stack	https://www.youtube.com/watch?v=-q_oUyEHiEw
27-Jan-2015	Office Hours for Aspiring Speakers	http://rmurphey.com/blog/2015/01/11/office-hours/
27-Jan-2015	5 things transcripts will do for your social media presence	http://www.dontgetcaught.biz/2015/01/5-things-transcripts-will-do-for-your.html
27-Jan-2015	On Getting Paid to Speak	http://geekfeminism.org/2015/01/22/on-getting-paid-to-speak/
27-Jan-2015	Cascadia Ruby Conf 2012 Therapeutic Refactoring by Katrina Owen	https://www.youtube.com/watch?v=J4dlF0kcThQ
3-Feb-2015	The FOSDEM Conundrum	http://www.sarahmei.com/blog/2015/02/01/the-fosdem-conundrum/
3-Feb-2015	Famous Speech Friday: Maria Klawe on asking for salary increases	http://eloquentwoman.blogspot.de/2015/01/famous-speech-friday-maria-klawe-on.html
3-Feb-2015	On Intentionality and Conferences	http://www.melodyjk.com/on-intentionality-and-conferences/
3-Feb-2015	Turning Risk Into Opportunity	http://karencatlin.com/services/talks-panels/turning-risk-into-opportunity/
3-Feb-2015	OPENVIS CONF 2015 DIVERSITY SCHOLARSHIPS!	http://openvisconf.com/news/diversity-scholarship.html
3-Feb-2015	UIKonf Scholarships	http://www.uikonf.com/2015/01/22/uikonf-scholarships.html
3-Feb-2015	Saving Your Creative Soul (video from WDS 2014)	http://scottberkun.com/2014/saving-your-creative-soul-at-wds14/
10-Feb-2015	DiversityMediocrityIllusion	http://martinfowler.com/bliki/DiversityMediocrityIllusion.html
10-Feb-2015	Writing Conference Proposals	http://rmurphey.com/blog/2015/01/26/writing-conference-proposals/
10-Feb-2015	Why I Love Unconferences	http://www.lornajane.net/posts/2011/why-i-love-unconferences
10-Feb-2015	How to vastly improve your public speaking skills in 15 minutes	https://www.linkedin.com/pulse/how-vastly-improve-your-public-speaking-skills-15-minutes-jo-miller
10-Feb-2015	Mapzen's Code of Conduct Policy	https://mapzen.com/blog/mapzen-code-of-conduct
10-Feb-2015	What is your company culture? No, really, what is it?	http://devnotes.avdi.org/post/what-is-your-company-culture-no-really-what-is-it
10-Feb-2015	Rocky Mountan Ruby: Your Company is 'Awesome' (But is 'Company Culture' a lie?)	http://pwnela.com/conference/speaking/rmr2014/2014/09/25/rocky-mountain-ruby-2014.html
17-Feb-2015	My Proposal Was Rejected, Now What?	https://carouth.com/blog/2015/02/05/my-proposal-was-rejected/
17-Feb-2015	"""So you liked my talk? Now what?"" 8 ways to make the most of a speaking gig"	http://eloquentwoman.blogspot.de/2014/08/so-you-liked-my-talk-now-what-8-ways-to.html?spref=tw
17-Feb-2015	List of words having different meanings in American and British English: A–L	https://en.wikipedia.org/wiki/List_of_words_having_different_meanings_in_American_and_British_English:_A%E2%80%93L
17-Feb-2015	List of words having different meanings in American and British English: M–Z	https://en.wikipedia.org/wiki/List_of_words_having_different_meanings_in_American_and_British_English:_M%E2%80%93Z
17-Feb-2015	Talk development programme	https://2015.dareconf.com/talk-development
17-Feb-2015	Bullish Life: You Know What I Find Inspiring? Mediocrity.	http://www.thegloss.com/2013/07/24/career/bullish-life-inspiring-mediocrity-career/2/
17-Feb-2015	Apply for Diversity Tickets for .concat()	http://www.techtrrrs.at/news/concat15-diversitytickets/
17-Feb-2015	Hibernate should be to programmers what cake mixes are to bakers: beneath their dignity.	https://vimeo.com/28885655
17-Feb-2015	Why harder onboarding can lead to better users. And how Betty Crocker learned this years ago.	https://medium.com/on-startups/what-startups-can-learn-from-betty-crocker-709e83ddf638
24-Feb-2015	I Spoke About Feminism to a Buncha Dudes at a Tech Conf & it Was Actually Pretty Good	https://puppetlabs.com/blog/i-spoke-about-feminism-to-a-buncha-dudes-at-tech-conf
24-Feb-2015	The 5 Awkward Truths About Professional Speaking	http://www.forbes.com/sites/cherylsnappconner/2015/02/14/the-5-awkward-truths-about-professional-speaking/
24-Feb-2015	Technically Speaking webinar: Public Speaking Scares Me, Should I Do it Anyway	http://kwugirl.blogspot.de/2015/02/technically-speaking-webinar-public.html
24-Feb-2015	Why You Want a Code of Conduct & How We Made One	http://incisive.nu/2014/codes-of-conduct/
24-Feb-2015	3 Great Engineering Management Talks from 2014	https://gist.github.com/jewelia/0b8f26e91f2818bef460
24-Feb-2015	"""Benchmarking: You're Doing It Wrong"" by Aysylu Greenberg"	https://www.youtube.com/watch?v=XmImGiVuJno
3-Mar-2015	Write/Speak/Code: Visibility and Leadership for Women Software Developers	http://www.writespeakcode.com/
3-Mar-2015	2015 International Conference for Women Software Developers	http://www.writespeakcode.com/conference/schedule/
3-Mar-2015	Scholarships to Write/Speak/Code	http://www.writespeakcode.com/conference/scholarships/
3-Mar-2015	SPEAKER MENTORS AT DJANGOCON EUROPE	http://2015.djangocon.eu/proposals/speaker-mentors/
3-Mar-2015	BSDCan proposals and rejections	http://blather.michaelwlucas.com/archives/2325
3-Mar-2015	Why VidCon Doesn’t Pay Guests	http://edwardspoonhands.com/post/96675478270/why-vidcon-doesnt-pay-guests
3-Mar-2015	Become a Presenter, Change Your Life	http://www.brentozar.com/archive/2012/08/become-presenter-change-your-life/
3-Mar-2015	Ruth Chang: How to make hard choices	https://www.youtube.com/watch?v=8GQZuzIdeQQ
10-Mar-2015	Public Speaking for the Terrified	http://red-badger.com/blog/2015/03/06/public-speaking-for-the-terrified/
10-Mar-2015	We need to talk about TED	http://www.theguardian.com/commentisfree/2013/dec/30/we-need-to-talk-about-ted
10-Mar-2015	Funny in 33 languages: The art of translating Maysoon Zayid’s hilarious TED Talk	http://blog.ted.com/funny-in-33-languages-the-art-of-translating-maysoon-zayids-hilarious-ted-talk/
10-Mar-2015	Conference Talk Criteria	http://sfsmith.com/2015/03/03/conference-talk-criteria/
10-Mar-2015	What the Heck is a Hackathon?	http://blog.sqisland.com/2015/03/what-heck-is-hackathon.html
10-Mar-2015	Coding Like a Girl	https://medium.com/@sailorhg/coding-like-a-girl-595b90791cce
17-Mar-2015	THE WOMAN SPEAKER SLOT	http://www.catehuston.com/blog/2015/03/11/the-woman-speaker-slot/
17-Mar-2015	Binders full of Women	http://www.standardista.com/women-in-tech/
17-Mar-2015	Women Techmakers by GDG Boulder	http://blog.sqisland.com/2015/03/women-techmakers-by-gdg-boulder.html
17-Mar-2015	Are Blind CFPs Really The Answer?	http://trishagee.github.io/post/blind_cfps/
17-Mar-2015	How much it cost us to make more attendees feel safe and welcome at .concat() 2015	https://medium.com/@boennemann/how-much-it-cost-us-to-make-more-attendees-feel-safe-and-welcome-at-concat-2015-2bc51d4df656
17-Mar-2015	Lena Reinhard – “A Talk About Nothing” | .concat() 2015	https://www.youtube.com/watch?v=D3e3V66TH2Y
24-Mar-2015	Write/Speak/Code: Intro	http://blog.sqisland.com/2015/03/write-speak-code.html
24-Mar-2015	Write/Speak/Code: Write	http://blog.sqisland.com/2015/03/write-speak-code-write.html
24-Mar-2015	Write/Speak/Code: Speak	http://blog.sqisland.com/2015/03/write-speak-code-speak.html
24-Mar-2015	Write/Speak/Code: Code	http://blog.sqisland.com/2015/03/write-speak-code-code.html
24-Mar-2015	Uncomfortable	http://naramore.net/blog/uncomfortable
24-Mar-2015	Put yourself in airplane mode	http://www.beleaderly.com/put-yourself-in-airplane-mode/
24-Mar-2015	7 Weird Tips No One Told Me About Speaking	http://pwnela.com/speaking/2015/03/18/weird-speaking-tips.html
24-Mar-2015	THE YEAR OF BEING VISIBLE	http://www.catehuston.com/blog/2015/03/23/the-year-of-being-visible/
24-Mar-2015	Dame Steve Shirley, the World’s First Freelance Programmer	http://www.brainpickings.org/2013/12/06/dame-steve-shirley-freelance-programmer/
31-Mar-2015	How I sucked it up, got over my fear, and became really good at public speaking	http://www.beleaderly.com/public-speaking/
31-Mar-2015	A Tale of Two Talks	http://www.web-goddess.org/archive/13069
31-Mar-2015	A simple solution to all-male panels at tech conferences	http://fortune.com/2015/03/17/a-simple-solution-to-all-male-panels-at-tech-conferences/
31-Mar-2015	LAMENT OF THE DELICIOUS LIBRARIAN	http://www.jessiechar.com/post/16838586904/lament-of-the-delicious-librarian
31-Mar-2015	How to write a conference proposal	http://blowmage.com/2013/01/24/writing-conf-proposals
31-Mar-2015	Self.conference (Detroit May 29-30) are offering diversity scholarships	http://selfconference.org/scholarship_applications
31-Mar-2015	Kate Heddleston: So you want to be a full-stack developer? How to build a full-stack Py - PyCon 2014	https://www.youtube.com/watch?v=8uxQOzKi3_0
7-Apr-2015	Great Speakers Are Like Yoda, Not Luke Skywalker	http://www.inc.com/kimberly-weisul/nancy-duarte-on-presentation-mistakes-star-wars-and-investor-pitches.html
7-Apr-2015	The Single Best Thing You Can Do For Your Career	http://www.donnfelker.com/the-single-best-thing-you-can-do-for-your-career/
7-Apr-2015	How I Prep in the 24 Hours Before Giving a Conference Talk	http://blog.sashalaundy.com/blog/2015/02/23/how-i-prep-in-the-24-hours-before-a-conference-talk/
7-Apr-2015	How I Prepare a New Talk	http://timkadlec.com/2014/06/how-i-prepare-a-new-talk/
7-Apr-2015	30 of the Most Inspiring Things Anyone Ever Said	http://www.inc.com/bill-murphy-jr/30-of-the-most-inspiring-things-anyone-ever-said.html
14-Apr-2015	Speaking? Tips.	http://mezzoblue.com/archives/2006/02/27/speaking_ti/
14-Apr-2015	The Art of the Keynote	http://guykawasaki.com/the-art-of-the-keynote/
14-Apr-2015	HELP ME HELP YOU	http://www.jennapederson.com/help-me-help-you/
14-Apr-2015	THE ATTENTION GAME	http://www.catehuston.com/blog/2015/04/08/the-attention-game/
14-Apr-2015	Neil DeGrasse Tyson Explains Why The Cosmos Shouldn't Make You Feel Small	http://www.npr.org/templates/transcript/transcript.php?storyId=283443670
14-Apr-2015	Media interview smarts: Do you have to answer the question?	http://www.dontgetcaught.biz/2012/09/media-interview-smarts-do-you-have-to.html
14-Apr-2015	8 things to do in a media interview so you'll get called again	http://www.dontgetcaught.biz/2012/03/8-things-to-do-in-media-interview-so.html
14-Apr-2015	What does it take to be a good interview guest?	http://www.dontgetcaught.biz/2013/06/what-does-it-take-to-be-good-interview.html
14-Apr-2015	The Voices in Your Head, OR How NPR reporters do their voicing	http://blog.sciencegeekgirl.com/2009/03/08/the-voices-in-your-head-or-how-npr-reporters-do-their-voicing/
14-Apr-2015	Codes that changed the world	http://www.bbc.co.uk/programmes/b05qqhqp/episodes/downloads
21-Apr-2015	Getting Into Speaking	http://bradfrost.com/blog/post/on-speaking/
21-Apr-2015	The secret sauce of message crafting: You are not your audience	http://www.dontgetcaught.biz/2013/01/the-secret-sauce-of-message-crafting.html
21-Apr-2015	You Hate Yourself Because We Told You To	https://medium.com/@nkkl/you-hate-yourself-because-we-told-you-to-9beb5cf3bed3
21-Apr-2015	SPEAKING TIPS	http://chriscoyier.net/2013/09/17/speaking-tips/
21-Apr-2015	Nice girls don’t get the Keynote	http://mavericktester.com/archive/nice-girls-dont-get-the-keynote/
21-Apr-2015	Cascadia Ruby Conf 2012 A Taste of Prolog by Aja Hammerly	https://www.youtube.com/watch?v=hEOVcLAPRG8
28-Apr-2015	Karen McGrane - Requirements for speaking	https://the-pastry-box-project.net/karen-mcgrane/2013-july-8
28-Apr-2015	Road test your slides for better performance	http://seizetheroom.com/articles/road-test-your-slides/
28-Apr-2015	5 Things We Learned Producing #IncDev: The Virtual Conference	https://medium.com/@mikellsolution/5-things-we-learned-producing-incdev-the-virtual-conference-7ade1894d40a
28-Apr-2015	I have personally contributed to conference programs without women: I won’t again	http://www.womensagenda.com.au/talking-about/opinions/i-have-personally-contributed-to-conference-programs-without-women-i-wont-again/201503195481#.VcM4MEJVikq
28-Apr-2015	BOOK: THE ELOQUENT WOMAN’S GUIDE TO MODERATING PANELS	http://www.catehuston.com/blog/2015/04/24/book-the-eloquent-womans-guide-to-moderating-panels/
28-Apr-2015	The Best Panel Ever: A How-To Guide	https://www.linkedin.com/pulse/best-panel-ever-how-to-guide-karen-catlin
28-Apr-2015	Famous Speech Friday: Monica Lewinsky at TED 2015	http://eloquentwoman.blogspot.co.uk/2015/04/famous-speech-friday-monica-lewinsky-at.html
5-May-2015	How to sound smart in your TEDx Talk | Will Stephen | TEDxNewYork	https://www.youtube.com/watch?v=8S0FDjFBj8o
5-May-2015	It’s Only Natural to Get Nervous	http://femgineer.com/2015/04/its-only-natural-to-get-nervous/
5-May-2015	Bad Hostess. The Untidy House of Helen Razer - About	http://badhostess.com/about-2/
5-May-2015	Houston, We Have A Problem.	http://rubywankenoobie.tumblr.com/post/116816118275/houston-we-have-a-problem
5-May-2015	Codes of Conduct 101 + FAQ	http://www.ashedryden.com/blog/codes-of-conduct-101-faq
5-May-2015	Building a psychologically safe workplace: Amy Edmondson at TEDxHGSE	https://www.youtube.com/watch?v=LhoLuui9gX8
12-May-2015	Get comfortable	http://danielmall.com/articles/get-comfortable/
12-May-2015	2 Simple Steps to Start Getting Paid to Speak	http://femgineer.com/2015/04/2-simple-steps-to-getting-paid-to-speak/
12-May-2015	Codes of conduct and the trade-offs of copyleft	http://crookedtimber.org/2015/04/10/codes-of-conduct-and-the-trade-offs-of-copyleft/
12-May-2015	Speak at your local elementary school.	http://marcysutton.com/speak-at-your-local-elementary-school/
12-May-2015	How I prepare conference talks	http://lizabinante.com/blog/how-i-prepare-conference-talks/
12-May-2015	Velocity Diversity Scholarships	http://velocityconf.com/devops-web-performance-2015/public/sv/q/690
12-May-2015	Strange Loop is offering Opportunity Grants	https://thestrangeloop.com/attendees/opportunity-grants
12-May-2015	Kathleen Danielson - Avoiding Burnout, and other essentials of Open Source Self-Care - PyCon 2015	https://www.youtube.com/watch?v=RbeHBnWfXUc
19-May-2015	Stop the conference committees?	http://www.royvanrijn.com/blog/2015/05/stop-the-conference-committees/
19-May-2015	Conference speaking, transparency and fairness	https://www.rachelandrew.co.uk/archives/2014/05/02/conference-speaking-transparency-and-fairness/
19-May-2015	Why men are prone to interrupting women #manterrupting	https://www.facebook.com/WOMENinWORLD/videos/10155446995675437/?fref=nf
19-May-2015	Calling attention to meetings with skewed speaker gender ratios, even when it hurts, part 2	http://phylogenomics.blogspot.co.uk/2015/03/calling-attention-to-meetings-with.html
19-May-2015	An MRI technique 10 times faster than the standard and developed at the Beckman Institute for Advanced Science & Technology captures the movements of singing and speaking in (practically) real time.	https://www.facebook.com/EurekAlert/videos/10153176904751327/?fref=nf
19-May-2015	"Famous Speech Friday: Stella Young's ""I'm not your inspiration"""	http://eloquentwoman.blogspot.co.uk/2015/04/famous-speech-friday-stella-youngs-im.html
19-May-2015	The Radical Dissent of Helen Keller	http://www.yesmagazine.org/people-power/the-radical-dissent-of-helen-keller
26-May-2015	From the vault: Got lots to say? Save it for the Q&A	http://eloquentwoman.blogspot.co.uk/2015/04/from-vault-got-lots-to-say-save-it-for-q.html
26-May-2015	A TED speaker coach shares 11 tips for right before you go on stage	http://blog.ted.com/a-ted-speaker-coach-shares-11-tips-for-right-before-you-go-on-stage/
26-May-2015	Conference travel expenses	http://afilina.com/conference-travel-expenses/
26-May-2015	Defeating The Fear Monster Of Public Speaking	http://fionachan.net/2015/05/defeating-the-fear-monster-of-public-speaking.html
26-May-2015	MAKING THE CASE FOR THE CUTTING EDGE AT LAMBDACONF 2015	http://farmdawgnation.com/blog/2015/5/24/the-case-for-the-cutting-edge
26-May-2015	Trey Ratcliff At TEDx – The Search For What Is Out There	http://www.stuckincustoms.com/2015/05/18/trey-ratcliff-at-tedx-the-search-for-what-is-out-there/
2-Jun-2015	MOVING PAST MY EMBARRASSMENT	http://amysmartgirls.com/moving-past-my-embarrassment/
2-Jun-2015	Why Do These Women's Voices Bother You So Much?	http://www.refinery29.com/2015/05/87351/female-podcast-voices-vocal-fry
2-Jun-2015	Sandi Metz	http://us3.campaign-archive1.com/?u=1090565ccff48ac602d0a84b4&id=936623753d&e=9297063016
2-Jun-2015	TDD for Speaking	http://blog.geekmanager.co.uk/2015/05/31/tdd-for-speaking/
2-Jun-2015	OSCON 2015	http://www.oscon.com/open-source-2015
2-Jun-2015	"Becky Boone -- ""Why you should care about your local government"" at Ignite Boulder 25"	https://www.youtube.com/watch?v=Mme2iqk1IYU
9-Jun-2015	Looking beyond a code of conduct	http://www.mostgood.net/blog/2015/5/31/looking-beyond-a-code-of-conduct
9-Jun-2015	Tech Conferences w/Scholarships	https://storify.com/radiomorillo/tech-conferences-w-scholarships
9-Jun-2015	Rollercoaster ride of development	https://storify.com/gembarrett/rollercoaster-ride-of-development
9-Jun-2015	Android Developer Backstage Backstage	http://blog.sqisland.com/2015/06/adb-podcast.html
9-Jun-2015	Presenting Presenting. Tips and thoughts on preparing and giving engaging presentations	https://medium.com/@chethaase/presenting-presenting-17233fa13aa5
9-Jun-2015	A great breathing exercise for public speakers!	https://www.pinterest.com/pin/563018680290735/
9-Jun-2015	Quotes for public speakers	https://www.pinterest.com/dgraveline/quotes-for-public-speakers/
16-Jun-2015	I’m not going to GHC, and neither should you.	http://blog.randi.io/2015/06/08/im-not-going-to-ghc-and-neither-should-you/
16-Jun-2015	Twenty To Texas: Why we need to fund GHC ‘15	https://medium.com/@KatherineCass/twenty-to-texas-why-we-need-to-fund-ghc-15-c2f17ee09218
16-Jun-2015	Google IO Women Techmakers Interview	http://www.kiodev.com/google-io-women-techmakers-interview/
16-Jun-2015	ON CONFERENCING WHILE INTROVERTED	http://beero.ps/2015/05/31/on-conferencing-while-introverted/
16-Jun-2015	Support Self.conference!	http://selfconference.org/support
16-Jun-2015	RedDotRuby 2015 - Lightning Talk: Doodling for Great Success by Radamanthus Batnag	https://www.youtube.com/watch?v=tyNrAzTbx3I
23-Jun-2015	How to make someone's conference speaking experience awesome!	http://anna-oz.tumblr.com/post/121185777890/how-to-make-someones-conference-speaking
23-Jun-2015	CODE OF CONDUCT, ACCESSIBILITY, ETIQUETTE	http://www.alterconf.com/code-of-conduct
23-Jun-2015	Diversity and Subsidized Passes	http://blog.xoxofest.com/post/121224460200/diversity-and-subsidized-passes
23-Jun-2015	MacVoices #15139: AltConf - Mike Lee Talks About Diversity In The Developer Community	https://www.youtube.com/watch?v=pUaGClxU4Jg&feature=youtu.be
23-Jun-2015	Failure Is An Option	http://www.indecorous.com/failure/
23-Jun-2015	The Moth Presents Ophira Eisenberg: The Accident	https://www.youtube.com/watch?v=vt24Kj2MK_k
30-Jun-2015	How to Close Checks on Stage: The 3 Elements Every Demo Day Pitch Must Have	http://femgineer.com/2015/05/how-to-close-checks-on-stage-the-3-elements-every-demo-day-pitch-must-have/
30-Jun-2015	Musings About Speaking	https://medium.com/@brindelle/musings-about-speaking-43a6a933270e
30-Jun-2015	How to Cheat at Creating Great Presentations for Tech & Marketing Audiences	https://moz.com/rand/how-to-cheat-creating-great-presentations-tech-marketing-audiences/
30-Jun-2015	Conference submission achieved…	http://www.nerderypublic.com/archives/799
30-Jun-2015	8 ways Portland tech companies can follow through on diversity talk	http://www.bizjournals.com/portland/blog/techflash/2015/06/8-ways-tech-companies-can-follow-through-on.html?ana=twt
30-Jun-2015	Famous Speech Friday: Dame Stephanie Shirley at TED 2015	http://eloquentwoman.blogspot.co.uk/2015/05/famous-speech-friday-dame-stephanie.html
7-Jul-2015	Android Dialogs: Chet Haase + Tor Norbye	https://www.youtube.com/watch?v=h1nhqSPGwNA
7-Jul-2015	The Conference Manifesto	http://opinionator.blogs.nytimes.com/2015/05/04/the-conference-manifesto/?_r=0
7-Jul-2015	STAMPING FEET OR SOCIAL SWORD THE MORE THINGS CHANGE THE MORE THEY STAY THE SAME	http://www.emercoleman.com/blog/stamping-feet-or-social-sword-the-more-things-change-the-more-they-stay-the-same
7-Jul-2015	Technical Speaking Workshop with Damian Conway	http://www.web-goddess.org/archive/13325
7-Jul-2015	Just don’t do it	https://debuk.wordpress.com/2015/07/05/just-dont-do-it/
7-Jul-2015	Video: Badass: Making Users Awesome by Kathy Sierra	http://www.mindtheproduct.com/2015/07/video-badass-making-users-awesome-by-kathy-sierra/
14-Jul-2015	How I write talks	http://www.indecorous.com/writing_talks/
14-Jul-2015	What does your audience need?	https://rachelandrew.co.uk/archives/2015/06/09/what-does-your-audience-need/
14-Jul-2015	Leetspeak leading by example for female tech speakers	http://www.karolikl.com/2015/06/leetspeak-leading-by-example-for-female.html
14-Jul-2015	On unsolicited criticism	http://larahogan.me/blog/on-unsolicited-criticism/
14-Jul-2015	Speaker style bingo: 10 presentation anti-patterns	http://www.troyhunt.com/2015/06/speaker-style-bingo-10-presentation.html
14-Jul-2015	"Jenn Calaway ""Support our troops"" at Ignite Boulder 26"	https://www.youtube.com/watch?v=2R5ByU6l33E
21-Jul-2015	Breathing Is the Key to Persuasive Public Speaking	https://hbr.org/2015/06/breathing-is-the-key-to-persuasive-public-speaking
21-Jul-2015	My Path To Evangelism	http://trishagee.github.io/post/becoming_an_evangelist/
21-Jul-2015	Overcoming a Lifetime of Stage Fright	http://www.nytimes.com/2015/05/31/opinion/sunday/overcoming-a-lifetime-of-stage-fright.html?_r=1
21-Jul-2015	#PANELHACK FIXING THE “ALL MALE PANEL” PROBLEM AT THE OI15 CONFERENCE IN CARDIFF IN REAL-TIME	http://londoncalling.co/2015/05/fixing-the-all-male-panel-problem-at-the-oi15-conference-in-cardiff/
21-Jul-2015	Why You Should Find Female Speakers For Your Panel	https://www.linkedin.com/pulse/why-you-should-find-female-speakers-your-panel-miranda-bishop
21-Jul-2015	How we did Speaker Selection	http://sassconf.com/blog/posts/speaker-selection/
21-Jul-2015	@starkcoffee tweeted and… got a response with an invitation to speak	https://twitter.com/pytexas/status/621692957473636353
28-Jul-2015	Professional Technical Speaker Tips from Scott with Drew Robbins	http://www.hanselminutes.com/250/professional-technical-speaker-tips-from-scott-with-drew-robbins
28-Jul-2015	TIME TO GET UP ON STAGE – TIPS FROM A FIRST TIME SPEAKER	http://blog.cssconf.eu/2014/07/27/time-to-get-up-on-stage-tips-from-a-first-time-speaker/
28-Jul-2015	Radio shero @katiemingle of 99% Invisible crafted a lovely auto reply for listeners complaining about women's voices	https://twitter.com/WBJenna/status/619924533139668994
28-Jul-2015	New data shows only 25% of speakers at tech events are women	https://medium.com/startups-venture-capital/new-data-shows-only-25-of-speakers-at-tech-events-are-women-bd0578f28037
28-Jul-2015	Using panels and moderation as stepping stones to larger speaking gigs	http://www.moderatingpanels.com/2015/06/using-panels-and-moderation-as-stepping.html?
28-Jul-2015	Marketing Your Tech Talent (your own or... ) - Deirdré Straughan at Monktoberfest 2013	https://www.youtube.com/watch?v=KETNTI6GjYI
4-Aug-2015	The Four Lies of Storytelling	http://scottberkun.com/2015/the-four-lies-of-storytelling/
4-Aug-2015	Every Question In Every Q&A Session Ever	http://the-toast.net/2015/05/01/every-question-in-every-qa-session-ever/
4-Aug-2015	How I prepared for my first big conference talk at AnDevCon Boston	http://www.yprabhu.com/2015/08/how-i-prepared-for-my-first-big.html
4-Aug-2015	Dissecting a tech talk: How I topped the charts at NDC	http://www.troyhunt.com/2015/07/dissecting-tech-talk-how-i-topped.html
4-Aug-2015	Conferences That Pay Their Speakers	http://consthatpaytheirspeakers.org/
4-Aug-2015	Undefinable Me - Keila Banks #GirlsWhoCode	https://www.youtube.com/watch?v=xkTcSoQ-q5Q
12-Aug-2015	Uncomfortable Conversations about Money	http://www.catehuston.com/blog/2015/08/05/uncomfortable-conversations-about-money/
12-Aug-2015	Academic conferences. Who pays?	http://www.hannahdee.eu/blog/?p=1436
12-Aug-2015	Tweets from @ThisTechGirl	https://twitter.com/ThisTechGirl/status/626911610528002049
12-Aug-2015	On having things to say	http://www.sicpers.info/2015/07/on-having-things-to-say/
12-Aug-2015	Enjoy Yourself Because You Can't Change Anything Anyway: Immutable Data in the Real World	http://nerd.kelseyinnis.com/blog/2015/05/26/enjoy-yourself-because-you-cant-change-anything-anyway-immutable-data-in-the-real-world/
12-Aug-2015	The Disapproval Matrix	http://annfriedman.com/post/49152967734/in-my-ongoing-quest-for-the-perfect-framework-for
12-Aug-2015	Kerstin Caldwell @ Ignite Denver	https://www.youtube.com/watch?v=HwmZ07RmgSU
18-Aug-2015	TECHNICALLY SPEAKING – FROM CONFERENCE PROPOSAL TO SUBMIT	http://www.catehuston.com/blog/2015/08/17/technically-speaking-from-conference-proposal-to-submit/
18-Aug-2015	Droidcon NYC: 22% women speakers	http://blog.sqisland.com/2015/08/droidcon-nyc-22-percent-female-speakers.html
18-Aug-2015	HOW TO WRITE A GREAT TALK PROPOSAL FOR A TECH CONFERENCE	http://blog.cssconf.eu/2014/06/12/how-to-write-a-great-talk-proposal-for-a-tech/
18-Aug-2015	Confessions of a first time international speaker	https://medium.com/@lady_nerd/confessions-of-a-first-time-international-speaker-eb18da710791
18-Aug-2015	Mindy Kaling's Guide to Killer Confidence	http://www.glamour.com/entertainment/2015/08/mindy-kaling-guide-to-killer-confidence
18-Aug-2015	We Still Let Harassers Participate In Our Community	http://kovalc.in/2015/08/12/harassers.html
18-Aug-2015	Expert of Nothing - Jessie Char	https://vimeo.com/124384526
25-Aug-2015	When Fear Arises	http://www.onbeing.org/blog/when-fear-arises/7691
25-Aug-2015	Why child care at conferences is great	http://stormyscorner.com/2015/08/why-child-care-at-conferences-is-great.html
25-Aug-2015	Speaking at your event	https://rachelandrew.co.uk/about/speaking
25-Aug-2015	Famous Speech Friday: Elizabeth Warren on The Daily Show in 2009	http://eloquentwoman.blogspot.com/2015/08/famous-speech-friday-elizabeth-warren.html
25-Aug-2015	Lessons from a Code of Conduct	http://republicofquality.com/lessons-from-a-code-of-conduct/
25-Aug-2015	Scott McCloud: Understanding comics	https://www.youtube.com/watch?v=fXYckRgsdjI
1-Sep-2015	How To Present With Authority—Even When You Have None | Be Leaderly	http://www.beleaderly.com/how-to-present-with-authority/
1-Sep-2015	A Quick Guide to Public Speaking &#124; GeekGirlWeb	http://www.geekgirlweb.com/blog/2015/8/30/a-quick-guide-to-public-speaking
1-Sep-2015	Deprecate Keynote — Medium	https://medium.com/@jakeout/deprecate-keynote-78f0f09424dd
1-Sep-2015	Square Island: Speaker outreach: Your turn	http://blog.sqisland.com/2015/08/speaker-outreach-your-turn.html
1-Sep-2015	Panel Discussions and Dissent &laquo; Accidentally in Code	http://www.catehuston.com/blog/2015/08/31/panel-discussions-and-dissent/
1-Sep-2015	NSVideo	http://nsvideo.org/conference/nsconf7/duct-taping-the-gates-of-chaos-shut
8-Sep-2015	You literally cannot pay me to speak without a Code of Conduct - Rachel Nabors, award-winning cartoonist turned digital storyteller.	http://bit.ly/1O95Qc3
8-Sep-2015	Perpendicular Angel Design | Organizing and simplifying, one illumination at a time	http://www.perpendicularangel.com/
8-Sep-2015	Codes of Conduct and Worthless Manfeelings &laquo; Accidentally in Code	http://www.catehuston.com/blog/2015/09/02/code-of-conducts-and-worthless-manfeelings/
8-Sep-2015	When too many words in a slide can play in your favour. - Dev4Fun	http://bit.ly/1O9z1M6
8-Sep-2015	The Eloquent Woman: Reader Q&A: What if the audience already knows everything I have to say?	http://bit.ly/1NepIK2
15-Sep-2015	Show me the money: why women need to stop working for free | Women in Leadership | The Guardian	http://www.theguardian.com/women-in-leadership/2015/aug/24/show-me-the-money-why-women-need-to-stop-working-for-free
15-Sep-2015	Why you should give a talk | Modus laborandi	http://moduslaborandi.net/why-you-should-give-a-talk/
15-Sep-2015	The Eloquent Woman: Use a script or transcript to manage your speaking speed	http://eloquentwoman.blogspot.co.uk/2015/08/use-script-or-transcript-to-manage-your.html
15-Sep-2015	#TalkTips — @jaimeejaimee	http://www.jaimeejaimee.com/talktips/
15-Sep-2015	Speak Up, But But Not Too Loudly (with images, tweets) · corey_latislaw · Storify	https://storify.com/corey_latislaw/speak-up-but-but-not-too-loudly
22-Sep-2015	Peldi&#8217;s 15 Tips For Public Speaking – Life @ Balsamiq – Balsamiq	http://blogs.balsamiq.com/team/2015/09/11/public-speaking
22-Sep-2015	The Speakers&#039; Checklist &mdash; Training in the Open &mdash; Helping you create amazing learning experiences.	http://trainingintheopen.com/speakers-checklist.html
22-Sep-2015	Conference Speaking 101 | Organics and Binary	http://coreylatislaw.com/conference-speaking-101/
22-Sep-2015	The Eloquent Woman: 9 things to do with the video of your TED, TEDMED or TEDx talk	http://eloquentwoman.blogspot.co.uk/2013/08/9-things-to-do-with-video-of-your-ted.html
22-Sep-2015	Diversity Scholarships for ffconf	https://remysharp.com/2015/08/28/diversity-scholarships
22-Sep-2015	Developer Dana Crawford&#039;s Mantra: &#039;Take Me To Your Pigeons&#039; | CPR	http://bit.ly/1KwFHyZ
29-Sep-2015	Technically Speaking: Feel the Fear and Speak up Anyway - YouTube	https://www.youtube.com/watch?v=sTmkA2ewkmw&t=4m33s
29-Sep-2015	When a client doesn't pay — My OH SHIT Moment; Pushing Through The...	http://blog.justtelljulie.com/post/129512284492/my-oh-shit-moment-pushing-through-the
29-Sep-2015	The Female Perspective of Computer Science: Beyond the Code: A Day of Diversity and Inspiration	http://compscigail.blogspot.com/2015/09/beyond-code-day-of-diversity-and.html
29-Sep-2015	The Ratio of Women Speakers in Tech | Phil Sturgeon	https://philsturgeon.uk/feminism/2015/08/17/women-speaker-ratio-conversation-loop/
29-Sep-2015	Pronto! The CfP Helper	http://rdohms.github.io/pronto
29-Sep-2015	&quot;Hopelessness and Confidence in Distributed Systems Design&quot; by Camille Fournier - YouTube	https://www.youtube.com/watch?v=TlU1opuCXB0
29-Sep-2015	My Process: Writing a Talk — Medium	https://medium.com/@skamille/my-process-writing-a-talk-de55a870f2e7
6-Oct-2015	Square Island: How I prepared my keynote	http://blog.sqisland.com/2015/10/how-i-prepared-my-keynote.html
6-Oct-2015	NJL Heavy Industries, LLC	http://www.njl.us/essays/pycon-talks/
6-Oct-2015	Do Adults Need Conference Codes of Conducts? &larr; Terence Eden&#039;s Blog	https://shkspr.mobi/blog/2015/09/do-adults-need-conference-codes-of-conducts/
6-Oct-2015	Strangeloop 2015 | Serrandipity	http://neemserra.com/strangeloop-2015/
6-Oct-2015	Jesse Eisenberg Fields Kristen Stewart's Sexist Questions In An Awkward Interview That Makes a Point | Co.Create | creativity + culture + commerce	http://www.fastcocreate.com/3049509/jesse-eisenberg-fields-kristen-stewarts-sexist-questions-in-an-awkward-interview-that-makes-
13-Oct-2015	The Eloquent Woman: Are you hanging on one slide for dear life? 7 fixes	http://eloquentwoman.blogspot.com/2015/09/are-you-hanging-on-one-slide-for-dear.html
13-Oct-2015	The Stages of Fear	https://the-pastry-box-project.net/eric-a-meyer/2015-October-2
13-Oct-2015	A speech pathologist says men use upspeak and vocal fry, too -- and it can make them look less confident at work | Business Insider	http://www.businessinsider.com.au/men-use-upspeak-and-vocal-fry-too-2015-8
13-Oct-2015	Why developers should speak at meetups — Medium	https://medium.com/@stiebitzhofer/why-developers-should-speak-at-meetups-6dec5d101d16
13-Oct-2015	Metafoundry 48: Embarrassingly Parallel Problems	http://tinyletter.com/metafoundry/letters/metafoundry-48-embarrassingly-parallel-problems
13-Oct-2015	Keynote: How I Accidentally Used Open Source Ideology to Make a Bestselling Novel - YouTube	https://www.youtube.com/watch?v=evr4zNrAcEw
